{
    "C": [
        -1,
        3,
        2,
        0,
        1,
        0
    ],
    "G": [
        3,
        2,
        0,
        0,
        0,
        3
    ],
    "D": [
        -1,
        -1,
        0,
        2,
        3,
        2
    ],
    "Am": [
        -1,
        0,
        2,
        2,
        1,
        0
    ],
    "E": [
        0,
        2,
        2,
        1,
        0,
        0
    ],
    "Em": [
        0,
        2,
        2,
        0,
        0,
        0
    ]
}